model,test2_ruling_accuracy,test3_ruling_accuracy,accuracy_improvement,test2_dismissed_pct,test3_dismissed_pct,dismissed_pct_change
gpt-5.2,0.357,0.6603776223776223,0.30337762237762234,11,31.53153153153153,20.53153153153153
grok,0.472,0.6546340326340326,0.18263403263403266,10,32.0,22.0
gpt-4.1-finetuned,0.07,0.6351048951048951,0.5651048951048951,40,80.28169014084507,40.28169014084507
gpt-4.1-finetuned-v2,0.213,0.606074592074592,0.39307459207459206,44,55.88235294117647,11.882352941176471
perplexity,0.465,0.6043776223776224,0.13937762237762236,18,36.633663366336634,18.633663366336634
claude-opus,0.358,0.5737109557109558,0.21571095571095578,10,18.269230769230766,8.269230769230766
gemini,0.408,0.41915151515151516,0.01115151515151519,1,10.38961038961039,9.38961038961039
